Pond,Males,Females,Total,Numberemer,Totalpertrap
East,46,39,85,3,28.33333333
Golf,83,64,147,3,49
Ice,58,34,92,5,18.4
NoOil,868,933,1801,3,600.3333333
Oil,114,139,253,3,84.33333333
Vulgaris,279,144,423,3,141
Vulgarissmall,119,158,277,4,69.25
Waterfall,54,46,100,2.5,40
