Pond,Perimeter,DensityLiter,N0,mortalitydensity,mortalityN0,days,Pupae,Adults,Winglength,Fecundity,Eggsabundance,NT1abundance,Rabundance,Eggsdens,NT1dens,Rdens,Productivity,Grazing pressure
East,138.7,21.1,860503.8,0.045,0.08801,21,135545.5887,60995.51491,4.66,69.9,724809.7037,587095.86,-0.38232992,43.85436034,11.97224037,-0.566682373,0.5,10.5
NoOil,58.4,75.2,1283595.6,-0.011,0.06663,16,442013.5251,198906.0863,4.24,54.9,1856390.503,1503676.308,0.158247779,376.6061857,102.8134887,0.312765327,-0.15,3.9
Oil,132.5,50.1,1982880.3,0.017,0.10172,20,259279.2753,116675.6739,4.8,75.4,1495548.788,1211394.518,-0.492778294,205.6886762,56.1530086,0.114059253,0.17,6.9
Golf,151.5,15.5,663871.6,-0.024,0.006485,18,590729.821,265828.4195,3.9,44.1,1992915.661,1614261.685,0.888544213,80.5465492,21.98920793,0.349711761,0.41,3.6
Waterfall,206.1,13.5,717294.3,-0.037,0.0402,23,284543.5213,128044.5846,4.18,53.4,1162388.739,941534.8785,0.272025177,129.1579267,35.26011398,0.960062724,0.58,8.6
Vulgaris,298.5,140.7,12437944,0.088,0.13209,18,1153881.874,519246.8432,4.45,62.2,5490516.119,4447318.057,-1.02845057,137.3483536,37.49610054,-1.322393022,1.72,15.1
Vulgaris small,238.2,41.7,2960501.8,0.07,0.12966,19,252036.5357,113416.4411,5.23,94,1812394.728,1468039.73,-0.701430787,79.30739462,21.65091873,-0.65545324,1.4,19.1
Ice,145.6,10.3,440826.8,-0.014,0.01345,22,327914.2216,147561.3997,4.96,81.9,2054497.368,1664142.868,1.328413421,87.81025979,23.97220092,0.844750969,0.77,-1.23
