Pond,Perimeter,DensityLiter,N0,mortalitydensity,mortalityN0,days,Pupae,Adults,Winglength,Fecundity,Eggs,NT1,NT1perim,R,Rperim,Productivity,Grazing pressure
East,138.7,21.1,860503.8,0.045,0.08801,21,135545.5887,60995.51491,4.71,71,737760.486,582830.784,472222.7367,-0.389621138,-0.600067258,0.5,10.5
NoOil,58.4,75.2,1283595.6,-0.011,0.06663,16,442013.5251,198906.0863,4.33,57,1935350.885,1528927.199,521588.0155,0.17490111,-0.900542447,-0.15,3.9
Oil,132.5,50.1,1982880.3,0.017,0.10172,20,259279.2753,116675.6739,4.95,81,1605825.741,1268602.335,981904.6917,-0.446634714,-0.702811515,0.17,6.9
Golf,151.5,15.5,663871.6,-0.024,0.006485,18,590729.821,265828.4195,3.96,45,2056128.685,1624341.661,1437533.474,0.894769124,0.772595302,0.41,3.6
Waterfall,206.1,13.5,717294.3,-0.037,0.0402,23,284543.5213,128044.5846,4.28,56,1209127.122,955210.4264,1150018.949,0.286445441,0.472047482,0.58,8.6
Vulgaris,298.5,140.7,12437944,0.088,0.13209,18,1153881.874,519246.8432,4.46,62,5453197.031,4308025.655,7511913.299,-1.060272086,-0.5042616,1.72,15.1
Vulgaris small,238.2,41.7,2960501.8,0.07,0.12966,19,252036.5357,113416.4411,5.19,92,1766059.617,1395187.097,1941342.485,-0.752330255,-0.421979045,1.4,19.1
Ice,145.6,10.3,440826.8,-0.014,0.01345,22,327914.2216,147561.3997,4.94,81,2020247.467,1595995.499,1357441.079,1.286600903,1.124704592,0.77,-1.23
