Pond,Perimeter,DensityLiter,N0,Nmiddle,Densitylitersmiddle,mortalitydensity,mortalityN0,days,Pupae,Adults,Winglength,Fecundity,Eggsabundance,NT1abundance,Rabundance,Eggsdens,NT1dens,Rdens,Productivity,Grazing pressure,totalmicrobes,Predatormax,lnPredatormax
East,138.7,21.1,860503.8,192726.1,4.881862,0.045,0.08801,21,135545.5887,60995.51491,4.66,69.9,724809.7037,587095.86,-0.38232992,43.85436034,14.30703179,-0.38852189,0.5,10.5,528,9211,9.13
Golf,151.5,15.5,663871.6,594571.5,17.29189,-0.024,0.006485,18,590729.821,265828.4195,3.9,44.1,1992915.661,1614261.685,0.888544213,80.5465492,37.45694974,0.882352243,0.41,3.6,574,4474,8.41
Ice,145.6,10.3,440826.8,346030.5,8.726312,-0.014,0.01345,22,327914.2216,147561.3997,4.96,81.9,2054497.368,1664142.868,1.328413421,87.81025979,38.64298842,1.322221451,0.77,-1.23,684,11565,9.36
NoOil,58.4,75.2,1283595.6,413509.3,27.279488,-0.011,0.06663,16,442013.5251,198906.0863,4.24,54.9,1856390.503,1503676.308,0.158247779,376.6061857,87.54973569,0.152055809,-0.15,3.9,1236,5234,8.56
Oil,132.5,50.1,1982880.3,389492.6,7.48828,0.017,0.10172,20,259279.2753,116675.6739,4.8,75.4,1495548.788,1211394.518,-0.492778294,205.6886762,30.41849293,-0.498970265,0.17,6.9,1407,2916,7.98
Vulgaris,298.5,140.7,12437944,1153869.7,13.86967,0.088,0.13209,18,1153881.874,519246.8432,4.45,62.2,5490516.119,4447318.057,-1.02845057,137.3483536,49.99822097,-1.03464254,1.72,15.1,1855,117970,11.7
Vulgaris small,238.2,41.7,2960501.8,285269.1,4.123994,0.07,0.12966,19,252036.5357,113416.4411,5.23,94,1812394.728,1468039.73,-0.701430787,79.30739462,20.5503582,-0.707622757,1.4,19.1,1465,31098,10.3
Waterfall,206.1,13.5,717294.3,339216.4,11.801428,-0.037,0.0402,23,284543.5213,128044.5846,4.18,53.4,1162388.739,941534.8785,0.272025177,129.1579267,17.61098565,0.265833206,0.58,8.6,684,28058,10.2
