Type,Field,
,,
Row Labels,Average of Winglength2,Count of Winglength2
East,4.709523809,35
NoOil,4.333333333,41
Oil,4.950520833,32
Golf,3.967592593,36
Waterfall,4.278571429,35
Vulgaris small,5.197222222,30
Ice,4.945652174,23
Vulgaris ,4.462719298,38
Grand Total,4.565740741,270
