Row Labels,Average of LogCount3.5,StdDev of LogCount3.5,Count of LogCount3.5_2,sterror
< 9 °C,1.198573353,0.953888552,6,0.389423371
> 9 °C,4.198740324,1.136106466,17,0.275546292
,,,,
> 6 m/s,1.530151848,1.592898491,19,0.365435976
< 6 m/s,3.813127275,1.496006699,4,0.748003349
,,,,
Inclement,1.626107656,1.129880658,8,0.399473138
Not Inclement,4.370744291,1.098038221,15,0.28351225
,,,,
,,,,
,,,,
,,,,
,,,,
,,,,
,,,,
,,,,
,,,,
,,,,
,,,,
,,,,
,,,,
,,,,
,,,,
,,,,
,,,,
,,,,
,,,7.1289,
