"","Pond","meanDepth","meanDOC","meanNH4","meanN03N02","meanlogTotalP","meanlogConduc","meanDoPerc","meanpH","meanFPOM_liter","Perimeter_1","Perimeter_2","Area_1","Area_2","Perim_avg","Area_avg","Perim_loss","Area_loss","Area_loss_perc","meantemp"
"1","East",14.5555555555556,29.7444444444444,59.6894022222222,44.5648218888889,1.84006731333333,2.15719426025,73.6777777777778,6.30444444444444,5.35822751333333,138.7,127.25,759.2,711.96,132.975,735.58,11.45,47.24,6.22233930453109,5.43896168154762
"2","Golf",11.5555555555556,17.2777777777778,26.0866236666667,27.5264702222222,1.43698605611111,2.20188548611111,77.5444444444444,6.68222222222222,5.83944444444444,151.5,101.4,613.5,232.56,126.45,423.03,50.1,380.94,62.0929095354523,10.4830606575964
"3","Ice",20.5833333333333,19.5555555555556,24.9254421111111,18.5978827777778,1.89031871555556,1.94170145033333,77.7111111111111,6.46777777777778,4.45608465622222,145.6,127.5,1422,1063.29,136.55,1242.645,18.1,358.71,25.2257383966245,7.334125
"4","NoOil",16.3888888888889,34.3111111111111,56.5339932222222,31.0380733333333,3.24668382055556,2.87640704688889,66.0555555555556,6.48333333333333,9.25171075888889,58.4,46,198.57,129.97,52.2,164.27,12.4,68.6,34.5470111295765,8.62471031746032
"5","Oil",14.2222222222222,22.5444444444444,31.0491036666667,57.1757842222222,1.88955052866667,2.92355685588889,93.0222222222222,6.49333333333333,8.69434343433333,136,125,572.3,424.99,130.5,498.645,11,147.31,25.7399965053294,6.21315773809524
"6","Vulgaris",20.6111111111111,39.8,38.2682627777778,20.4492341111111,3.62492520177778,1.95820895944444,81.9666666666667,6.50444444444444,6.134118166,298.5,264.8,1758.35,1031.05,281.65,1394.7,33.7,727.3,41.3626411124065,8.71297767857143
"7","Vulgaris.small",16.7111111111111,31.6,31.9339927777778,20.3532523333333,2.37945777677778,2.25637464211111,79.7,6.68888888888889,8.15809523811111,238.2,226.3,3181.26,2901.84,232.25,3041.55,11.9,279.42,8.78331227249581,7.057225
"8","Waterfall",17.7777777777778,38.6888888888889,40.2571941111111,27.4502948888889,1.59691606255556,2.26096016555556,79.9555555555556,6.56222222222222,4.60027065544444,206.1,82.4,1769.31,461.48,144.25,1115.395,123.7,1307.83,73.9175158677677,8.87133656004489
